White Female accuracy,0.5270897832817337
White Female balanced_accuracy,0.4403993622654926
White Female precision_macro,0.5310756465808404
White Female precision_weighted,0.5221175662379989
White Female recall_macro,0.4403993622654926
White Female recall_weighted,0.5270897832817337
White Female f1_macro,0.4656736099612466
White Female f1_weighted,0.5207650906936746
White Female cohen_kappa,0.36709065763364135
White Female matthews corrcoef,0.3677655760318493
